Client Id,Sessions,Avg. Session Duration,Bounce Rate,Revenue,Transactions,Goal Conversion Rate
1300027300.1483544857,23,00:06:13,56.52%,$0.00,0,0.00%
1045707818.1466214861,11,00:03:36,36.36%,$0.00,0,0.00%
922134598.1470023940,9,00:04:07,22.22%,$0.00,0,0.00%
2023067983.1475473558,8,00:01:17,37.50%,$0.00,0,0.00%
266451692.1486541584,8,00:00:00,100.00%,$0.00,0,0.00%
1435536004.1472894946,6,00:00:24,66.67%,$0.00,0,0.00%
1294467510.1472324140,5,00:00:09,80.00%,$0.00,0,0.00%
1394610632.1489692453,5,00:00:00,100.00%,$0.00,0,0.00%
90850788.1471894283,5,00:00:16,80.00%,$0.00,0,0.00%
1437679125.1489826019,4,00:03:47,50.00%,$0.00,0,0.00%
1453058052.1489948018,4,00:27:08,0.00%,$0.00,0,0.00%
1607545567.1472505315,4,00:06:30,25.00%,$0.00,0,0.00%
1994313922.1475947914,4,00:02:58,75.00%,$0.00,0,0.00%
2058172085.1469553497,4,00:06:17,25.00%,$0.00,0,0.00%
1032609789.1468109071,3,00:00:00,100.00%,$0.00,0,0.00%
1071025861.1394313789,3,00:01:06,33.33%,$0.00,0,0.00%
1204902043.1477242498,3,00:00:00,100.00%,$0.00,0,0.00%
1494050550.1481120633,3,00:08:27,66.67%,$0.00,0,0.00%
1666197057.1487638538,3,00:02:54,66.67%,$0.00,0,0.00%
1681068879.1489477513,3,00:02:18,0.00%,$0.00,0,0.00%
1863474287.1489608617,3,00:00:27,33.33%,$0.00,0,0.00%
2120945322.1487090638,3,00:00:00,100.00%,$0.00,0,0.00%
2140134547.1489428014,3,00:13:10,0.00%,$0.00,0,0.00%
216569312.1474568710,3,00:09:55,66.67%,$0.00,0,0.00%
357607083.1477457559,3,00:02:14,0.00%,$0.00,0,0.00%
421551397.1487060472,3,00:00:26,66.67%,$0.00,0,0.00%
42613273.1484627559,3,00:05:12,33.33%,$0.00,0,0.00%
606831496.1489640724,3,00:04:40,33.33%,$0.00,0,0.00%
715988333.1489283893,3,00:00:46,33.33%,$0.00,0,0.00%
84088486.1489411539,3,00:00:01,66.67%,$0.00,0,0.00%
855173912.1489658825,3,00:33:37,0.00%,$0.00,0,0.00%
100870175.1480370580,2,00:00:00,100.00%,$0.00,0,0.00%
1008938322.1489443682,2,00:00:00,100.00%,$0.00,0,0.00%
1034925342.1489886395,2,00:06:30,0.00%,$0.00,0,0.00%
1035055907.1489485462,2,00:00:00,100.00%,$0.00,0,0.00%
1069485178.1489527330,2,00:30:36,0.00%,$0.00,0,0.00%
1070750335.1489393822,2,00:00:51,0.00%,$0.00,0,0.00%
1079940187.1489606067,2,00:00:00,100.00%,$0.00,0,0.00%
1082158707.1460745236,2,00:07:18,0.00%,$0.00,0,0.00%
1106155465.1448871117,2,00:00:59,50.00%,$0.00,0,0.00%
1119041617.1489935825,2,00:01:40,0.00%,$0.00,0,0.00%
1144878012.1464379546,2,00:00:24,50.00%,$0.00,0,0.00%
1181689848.1443062722,2,00:06:12,0.00%,$0.00,0,0.00%
1196443250.1480261970,2,00:00:00,100.00%,$0.00,0,0.00%
1248227091.1489817328,2,00:00:56,50.00%,$0.00,0,0.00%
1275797282.1489457827,2,00:08:36,0.00%,$0.00,0,0.00%
1283054559.1489943924,2,00:00:00,100.00%,$0.00,0,0.00%
1355943490.1480914192,2,00:00:00,100.00%,$0.00,0,0.00%
1417027802.1489566027,2,00:00:14,50.00%,$0.00,0,0.00%
1429321745.1489532343,2,00:00:00,100.00%,$0.00,0,0.00%
144859482.1489691052,2,00:04:13,0.00%,$0.00,0,0.00%
1476293378.1456635897,2,00:04:07,50.00%,$0.00,0,0.00%
1538816476.1489311803,2,00:00:00,100.00%,$0.00,0,0.00%
1589220624.1476881025,2,00:10:49,0.00%,$0.00,0,0.00%
1589288969.1489560179,2,00:00:00,100.00%,$0.00,0,0.00%
1617303940.1479742050,2,00:03:53,0.00%,$0.00,0,0.00%
1635884398.1480889900,2,00:00:00,100.00%,$0.00,0,0.00%
170130939.1489656329,2,00:00:00,100.00%,$0.00,0,0.00%
1739377735.1489586426,2,00:01:47,50.00%,$0.00,0,0.00%
1743583917.1489133661,2,00:00:00,100.00%,$0.00,0,0.00%
1758226134.1489965956,2,00:00:00,100.00%,$0.00,0,0.00%
1794198725.1456123849,2,00:00:00,100.00%,$0.00,0,0.00%
1814515481.1489356871,2,00:02:39,0.00%,$0.00,0,0.00%
1872953013.1422541647,2,00:01:57,0.00%,$0.00,0,0.00%
1885361807.1488845013,2,00:05:41,0.00%,$0.00,0,0.00%
1887683779.1466403462,2,00:10:00,0.00%,$0.00,0,0.00%
192644384.1489907961,2,00:00:00,100.00%,$0.00,0,0.00%
1976942640.1489772023,2,00:00:54,0.00%,$0.00,0,0.00%
1991134460.1471639219,2,00:00:00,100.00%,$0.00,0,0.00%
2049638789.1488313613,2,00:00:01,50.00%,$0.00,0,0.00%
2059158084.1489933520,2,00:04:20,0.00%,$0.00,0,0.00%
2122849382.1489401310,2,00:07:46,0.00%,$0.00,0,0.00%
214859532.1489646976,2,00:12:57,0.00%,$0.00,0,0.00%
282858150.1482496041,2,00:00:00,100.00%,$0.00,0,0.00%
304092793.1482026999,2,00:00:00,100.00%,$0.00,0,0.00%
32965890.1476801048,2,00:01:56,50.00%,$0.00,0,0.00%
383409254.1489444788,2,00:00:18,50.00%,$0.00,0,0.00%
398378753.1489690689,2,00:00:41,50.00%,$0.00,0,0.00%
410065460.1489658779,2,00:01:07,50.00%,$0.00,0,0.00%
42295423.1476825420,2,00:01:39,0.00%,$0.00,0,0.00%
438393489.1489629427,2,00:00:00,100.00%,$0.00,0,0.00%
448115998.1478927770,2,00:07:05,0.00%,$0.00,0,0.00%
510769917.1479232165,2,00:00:27,0.00%,$0.00,0,0.00%
544149917.1489759992,2,00:03:17,0.00%,$0.00,0,0.00%
618034709.1489398704,2,00:00:00,100.00%,$0.00,0,0.00%
6404934.1489421872,2,00:00:00,100.00%,$0.00,0,0.00%
679931521.1462979160,2,00:09:05,0.00%,$0.00,0,0.00%
722908984.1489589303,2,00:08:13,0.00%,$0.00,0,0.00%
75250735.1489855114,2,00:26:28,50.00%,$0.00,0,0.00%
810467450.1489965580,2,00:00:45,0.00%,$0.00,0,0.00%
826126823.1489757214,2,00:00:00,100.00%,$0.00,0,0.00%
861883169.1414181784,2,00:00:00,100.00%,$0.00,0,0.00%
870483866.1477309983,2,00:00:00,100.00%,$0.00,0,0.00%
967856090.1486576346,2,00:01:35,0.00%,$0.00,0,0.00%
ca2b3235-f5b0-4e0c-8b42-fcd768eedc58,1,00:02:06,0.00%,$0.00,0,0.00%
1001685746.1489513276,1,00:00:00,100.00%,$0.00,0,0.00%
1003448325.1489884566,1,00:00:00,100.00%,$0.00,0,0.00%
1003765713.1487595003,1,00:01:37,0.00%,$0.00,0,0.00%
100666153.1489523566,1,00:00:00,100.00%,$0.00,0,0.00%
1009938743.1489387463,1,00:00:00,100.00%,$0.00,0,0.00%
1010130050.1489516936,1,00:00:00,100.00%,$0.00,0,0.00%
1010220764.1452274595,1,00:00:00,100.00%,$0.00,0,0.00%
1011333044.1433311767,1,00:01:24,0.00%,$0.00,0,0.00%
1013227845.1486306251,1,00:00:00,100.00%,$0.00,0,0.00%
1013959827.1489381964,1,00:00:00,100.00%,$0.00,0,0.00%
1014498040.1489715356,1,00:00:00,100.00%,$0.00,0,0.00%
1017153846.1487535661,1,00:00:00,100.00%,$0.00,0,0.00%
1019472415.1489843449,1,00:00:00,100.00%,$0.00,0,0.00%
1019684356.1488406629,1,00:00:22,0.00%,$0.00,0,0.00%
1019907506.1489417255,1,00:01:58,0.00%,$0.00,0,0.00%
1021010012.1489423667,1,00:00:00,100.00%,$0.00,0,0.00%
1022555740.1482788374,1,00:00:00,100.00%,$0.00,0,0.00%
1024105531.1486367145,1,00:01:01,0.00%,$0.00,0,0.00%
1024724482.1457852186,1,00:00:00,100.00%,$0.00,0,0.00%
1025010548.1485566826,1,00:00:00,100.00%,$0.00,0,0.00%
103535182.1486338735,1,00:02:58,0.00%,$0.00,0,0.00%
1042244345.1489397016,1,00:00:00,100.00%,$0.00,0,0.00%
104261180.1489789034,1,00:00:00,100.00%,$0.00,0,0.00%
1042674242.1489497104,1,00:00:00,100.00%,$0.00,0,0.00%
1042939325.1489636655,1,00:00:00,100.00%,$0.00,0,0.00%
1043058645.1475437501,1,00:03:29,0.00%,$0.00,0,0.00%
1044242757.1489887292,1,00:23:44,0.00%,$0.00,0,0.00%
1044475490.1489591048,1,00:00:00,100.00%,$0.00,0,0.00%
1045511496.1486536435,1,00:01:11,0.00%,$0.00,0,0.00%
1046663636.1489421211,1,00:00:00,100.00%,$0.00,0,0.00%
1046743493.1489462523,1,00:04:34,0.00%,$0.00,0,0.00%
10475701.1482722860,1,00:00:00,100.00%,$0.00,0,0.00%
104931719.1485412123,1,00:00:00,100.00%,$0.00,0,0.00%
105357415.1489487391,1,00:00:00,100.00%,$0.00,0,0.00%
1055371557.1466870167,1,00:00:00,100.00%,$0.00,0,0.00%
1055588945.1489700230,1,00:00:00,100.00%,$0.00,0,0.00%
1056897036.1489691379,1,00:00:00,100.00%,$0.00,0,0.00%
1057697401.1462793080,1,00:00:00,100.00%,$0.00,0,0.00%
1058285901.1489850933,1,00:00:19,0.00%,$0.00,0,0.00%
1060471893.1485801399,1,00:00:00,100.00%,$0.00,0,0.00%
1060802877.1475931350,1,00:01:02,0.00%,$0.00,0,0.00%
1061803396.1489843595,1,00:01:03,0.00%,$0.00,0,0.00%
1063658347.1487421018,1,00:00:02,0.00%,$0.00,0,0.00%
1065205680.1489533834,1,00:00:00,100.00%,$0.00,0,0.00%
1065969342.1489497103,1,00:28:09,0.00%,$0.00,0,0.00%
1066496536.1489889652,1,00:00:00,100.00%,$0.00,0,0.00%
1067277756.1488353953,1,00:00:00,100.00%,$0.00,0,0.00%
1071926266.1489283862,1,00:00:00,100.00%,$0.00,0,0.00%
1072464633.1489549256,1,00:00:00,100.00%,$0.00,0,0.00%
1078626997.1486298729,1,00:00:00,100.00%,$0.00,0,0.00%
1080752314.1489904147,1,00:00:00,100.00%,$0.00,0,0.00%
1082591053.1489479245,1,00:00:00,100.00%,$0.00,0,0.00%
1084711378.1489969962,1,00:00:44,0.00%,$0.00,0,0.00%
1084970855.1469865177,1,00:00:00,100.00%,$0.00,0,0.00%
1086315279.1489752472,1,00:01:13,0.00%,$0.00,0,0.00%
1088233806.1489825546,1,00:00:00,100.00%,$0.00,0,0.00%
1090128926.1488196034,1,00:07:00,0.00%,$0.00,0,0.00%
1090654786.1489689206,1,00:00:00,100.00%,$0.00,0,0.00%
1090870785.1489500323,1,00:00:00,100.00%,$0.00,0,0.00%
1091885908.1489514920,1,00:00:00,100.00%,$0.00,0,0.00%
1092155680.1449078515,1,00:00:00,100.00%,$0.00,0,0.00%
1092447142.1481941364,1,00:00:00,100.00%,$0.00,0,0.00%
1094317420.1489266728,1,00:00:00,100.00%,$0.00,0,0.00%
1097116066.1489414034,1,00:02:59,0.00%,$0.00,0,0.00%
1097801761.1489576833,1,00:01:17,0.00%,$0.00,0,0.00%
1102835195.1482297680,1,00:00:00,100.00%,$0.00,0,0.00%
1103427654.1489766229,1,00:00:00,100.00%,$0.00,0,0.00%
1104512001.1489648747,1,00:00:00,100.00%,$0.00,0,0.00%
1106127552.1488287808,1,00:00:00,100.00%,$0.00,0,0.00%
1107486931.1489578227,1,00:02:35,0.00%,$0.00,0,0.00%
1108085731.1450897732,1,00:00:00,100.00%,$0.00,0,0.00%
1108795917.1489509698,1,00:01:18,0.00%,$0.00,0,0.00%
1110404630.1489431269,1,00:02:23,0.00%,$0.00,0,0.00%
1112216598.1451161302,1,00:00:00,100.00%,$0.00,0,0.00%
1114637834.1489661374,1,00:00:00,100.00%,$0.00,0,0.00%
1115279507.1489702262,1,00:09:38,0.00%,$0.00,0,0.00%
1116537700.1486547386,1,00:00:00,100.00%,$0.00,0,0.00%
1122826986.1489694344,1,00:00:00,100.00%,$0.00,0,0.00%
1125193012.1489564742,1,00:00:00,100.00%,$0.00,0,0.00%
1128035310.1489422351,1,00:00:00,100.00%,$0.00,0,0.00%
1130978584.1489699644,1,00:00:00,100.00%,$0.00,0,0.00%
1136414074.1489465087,1,00:00:00,100.00%,$0.00,0,0.00%
1136738130.1487200126,1,00:00:00,100.00%,$0.00,0,0.00%
1140331543.1481367485,1,00:03:45,0.00%,$0.00,0,0.00%
1146463839.1489503876,1,00:01:28,0.00%,$0.00,0,0.00%
1148712571.1486069222,1,00:01:37,0.00%,$0.00,0,0.00%
1150575093.1485099996,1,00:00:00,100.00%,$0.00,0,0.00%
1152284166.1489978814,1,00:00:00,100.00%,$0.00,0,0.00%
1155108805.1489773213,1,00:00:00,100.00%,$0.00,0,0.00%
1155943979.1489414906,1,00:03:44,0.00%,$0.00,0,0.00%
1157806731.1489704779,1,00:12:04,0.00%,$0.00,0,0.00%
1158449421.1489477497,1,00:00:00,100.00%,$0.00,0,0.00%
1159746991.1489954475,1,00:01:00,0.00%,$0.00,0,0.00%
1162569064.1489889153,1,00:00:00,100.00%,$0.00,0,0.00%
1164943914.1489635962,1,00:00:00,100.00%,$0.00,0,0.00%
1168044027.1488137026,1,00:00:00,100.00%,$0.00,0,0.00%
1172332901.1474734303,1,00:01:32,0.00%,$0.00,0,0.00%
1174651098.1489739752,1,00:01:21,0.00%,$0.00,0,0.00%
1176617569.1470562070,1,00:00:00,100.00%,$0.00,0,0.00%
1177140265.1485094764,1,00:00:00,100.00%,$0.00,0,0.00%
117719694.1489527090,1,00:00:00,100.00%,$0.00,0,0.00%
1179067613.1458571364,1,00:00:00,100.00%,$0.00,0,0.00%
1181638205.1455975028,1,00:00:00,100.00%,$0.00,0,0.00%
1182593957.1489648038,1,00:00:00,100.00%,$0.00,0,0.00%
1183224313.1488897226,1,00:29:43,0.00%,$0.00,0,0.00%
1183286136.1489354175,1,00:02:39,0.00%,$0.00,0,0.00%
1185262526.1485116230,1,00:00:00,100.00%,$0.00,0,0.00%
1186844891.1489402606,1,00:00:00,100.00%,$0.00,0,0.00%
1188166951.1481074348,1,00:02:20,0.00%,$0.00,0,0.00%
1190868338.1449342433,1,00:00:00,100.00%,$0.00,0,0.00%
1192168990.1476577853,1,00:00:00,100.00%,$0.00,0,0.00%
1192442656.1489806773,1,00:00:00,100.00%,$0.00,0,0.00%
1192750822.1478504830,1,00:00:00,100.00%,$0.00,0,0.00%
1192922202.1489610017,1,00:09:26,0.00%,$0.00,0,0.00%
1193728006.1482062292,1,00:00:19,0.00%,$0.00,0,0.00%
1196863922.1470087076,1,00:00:00,100.00%,$0.00,0,0.00%
1198214412.1489589819,1,00:00:24,0.00%,$0.00,0,0.00%
1198594202.1464038774,1,00:00:00,100.00%,$0.00,0,0.00%
1199744999.1489758793,1,00:00:24,0.00%,$0.00,0,0.00%
1208517506.1488104511,1,00:00:00,100.00%,$0.00,0,0.00%
1209857911.1489571350,1,00:25:59,0.00%,$0.00,0,0.00%
1212159739.1489939022,1,00:00:00,100.00%,$0.00,0,0.00%
1213089581.1481639109,1,00:00:57,0.00%,$0.00,0,0.00%
1213554827.1489940743,1,00:00:00,100.00%,$0.00,0,0.00%
1220226292.1489430484,1,00:00:00,100.00%,$0.00,0,0.00%
1221436952.1489524908,1,00:00:00,100.00%,$0.00,0,0.00%
1223708118.1484872128,1,00:01:42,0.00%,$0.00,0,0.00%
1224740151.1488228609,1,00:00:00,100.00%,$0.00,0,0.00%
1226631102.1486959798,1,00:08:42,0.00%,$0.00,0,0.00%
1227938184.1489716509,1,00:00:00,100.00%,$0.00,0,0.00%
1228576124.1489777842,1,00:00:00,100.00%,$0.00,0,0.00%
1232271639.1489608915,1,00:00:00,100.00%,$0.00,0,0.00%
1233488369.1489639991,1,00:00:00,100.00%,$0.00,0,0.00%
1234111702.1489723251,1,00:00:56,0.00%,$0.00,0,0.00%
1237674483.1489538605,1,00:00:00,100.00%,$0.00,0,0.00%
1238428196.1489428918,1,00:00:00,100.00%,$0.00,0,0.00%
1247600350.1478762041,1,00:00:00,100.00%,$0.00,0,0.00%
1249407412.1475272181,1,00:02:08,0.00%,$0.00,0,0.00%
1251048497.1489592136,1,00:00:00,100.00%,$0.00,0,0.00%
1262577452.1489940109,1,00:00:00,100.00%,$0.00,0,0.00%
1265812560.1481084587,1,00:12:18,0.00%,$0.00,0,0.00%
1266457895.1483989260,1,00:00:00,100.00%,$0.00,0,0.00%
1267708357.1489738043,1,00:00:51,0.00%,$0.00,0,0.00%
1268987969.1476828664,1,00:00:10,0.00%,$0.00,0,0.00%
1273623860.1489804039,1,00:00:00,100.00%,$0.00,0,0.00%
1273883119.1489673986,1,00:00:34,0.00%,$0.00,0,0.00%
1277368444.1489882274,1,00:00:00,100.00%,$0.00,0,0.00%
1283396496.1484843700,1,00:00:00,100.00%,$0.00,0,0.00%
1291746086.1489727990,1,00:00:00,100.00%,$0.00,0,0.00%
1295717192.1489778183,1,00:00:00,100.00%,$0.00,0,0.00%
1302673383.1489508158,1,00:00:17,0.00%,$0.00,0,0.00%
1303306768.1489525540,1,00:00:00,100.00%,$0.00,0,0.00%
1304476222.1489732436,1,00:00:00,100.00%,$0.00,0,0.00%
1305985703.1489700931,1,00:00:00,100.00%,$0.00,0,0.00%
1306722122.1473165678,1,00:06:22,0.00%,$0.00,0,0.00%
1308753534.1489390240,1,00:01:25,0.00%,$0.00,0,0.00%
131071558.1489111409,1,00:00:00,100.00%,$0.00,0,0.00%
1311445879.1489956332,1,00:00:46,0.00%,$0.00,0,0.00%
1312350436.1489589089,1,00:00:00,100.00%,$0.00,0,0.00%
131253728.1489501359,1,00:00:25,0.00%,$0.00,0,0.00%
1314803066.1487106535,1,00:06:27,0.00%,$0.00,0,0.00%
1316722917.1489302768,1,00:00:11,0.00%,$0.00,0,0.00%
1318994479.1489665568,1,00:00:29,0.00%,$0.00,0,0.00%
1325497287.1487193155,1,00:00:00,100.00%,$0.00,0,0.00%
1325738868.1489839315,1,00:00:00,100.00%,$0.00,0,0.00%
1329274252.1486287046,1,00:00:42,0.00%,$0.00,0,0.00%
1329352543.1479445985,1,00:00:00,100.00%,$0.00,0,0.00%
1330253363.1489470261,1,00:00:00,100.00%,$0.00,0,0.00%
1332597577.1489568001,1,00:00:00,100.00%,$0.00,0,0.00%
1333281640.1488740924,1,00:00:00,100.00%,$0.00,0,0.00%
1334397287.1485283477,1,00:06:30,0.00%,$0.00,0,0.00%
1336379075.1485198499,1,00:00:00,100.00%,$0.00,0,0.00%
1338149583.1489532778,1,00:00:17,0.00%,$0.00,0,0.00%
1340628519.1489752914,1,00:00:00,100.00%,$0.00,0,0.00%
1342730935.1489506894,1,00:00:00,100.00%,$0.00,0,0.00%
1342785819.1455542861,1,00:00:57,0.00%,$0.00,0,0.00%
1347553911.1489947976,1,00:00:00,100.00%,$0.00,0,0.00%
135525135.1464828855,1,00:00:00,100.00%,$0.00,0,0.00%
1360349279.1489488953,1,00:00:00,100.00%,$0.00,0,0.00%
1363619400.1467931398,1,00:00:20,0.00%,$0.00,0,0.00%
1363965780.1465926636,1,00:00:00,100.00%,$0.00,0,0.00%
1371039101.1489762474,1,00:00:00,100.00%,$0.00,0,0.00%
1371318240.1486329368,1,00:00:00,100.00%,$0.00,0,0.00%
1374666430.1482349913,1,00:00:00,100.00%,$0.00,0,0.00%
1375832496.1450803643,1,00:00:00,100.00%,$0.00,0,0.00%
1376625811.1489844458,1,00:00:00,100.00%,$0.00,0,0.00%
1376853420.1489845759,1,00:00:00,100.00%,$0.00,0,0.00%
1377964524.1472060714,1,00:00:00,100.00%,$0.00,0,0.00%
1379091422.1444997050,1,00:00:00,100.00%,$0.00,0,0.00%
1380879334.1487254973,1,00:00:00,100.00%,$0.00,0,0.00%
1382536499.1489427259,1,00:00:00,100.00%,$0.00,0,0.00%
1383152675.1479660971,1,00:08:03,0.00%,$0.00,0,0.00%
1385805550.1487295226,1,00:43:59,0.00%,$0.00,0,0.00%
1389585320.1489405508,1,00:31:29,0.00%,$0.00,0,0.00%
1391082285.1488816806,1,00:02:53,0.00%,$0.00,0,0.00%
1397412739.1489862006,1,00:00:00,100.00%,$0.00,0,0.00%
1397459144.1489759349,1,00:00:00,100.00%,$0.00,0,0.00%
1397689281.1489574738,1,00:00:57,0.00%,$0.00,0,0.00%
1399874162.1487831984,1,00:00:00,100.00%,$0.00,0,0.00%
1400561739.1486347626,1,00:00:00,100.00%,$0.00,0,0.00%
1400874519.1488492538,1,00:00:00,100.00%,$0.00,0,0.00%
1401526603.1489871525,1,00:00:00,100.00%,$0.00,0,0.00%
1405636243.1478172085,1,00:00:00,100.00%,$0.00,0,0.00%
1407557064.1482079381,1,00:00:00,100.00%,$0.00,0,0.00%
1407914598.1489409338,1,00:00:00,100.00%,$0.00,0,0.00%
1409982422.1489487461,1,00:00:20,0.00%,$0.00,0,0.00%
1411744812.1487078152,1,00:03:06,0.00%,$0.00,0,0.00%
1416062449.1489740874,1,00:00:03,0.00%,$0.00,0,0.00%
1416530752.1489541820,1,00:02:31,0.00%,$0.00,0,0.00%
1419311183.1488233694,1,00:04:12,0.00%,$0.00,0,0.00%
1420167588.1454975233,1,00:00:38,0.00%,$0.00,0,0.00%
1420183175.1487732488,1,00:00:00,100.00%,$0.00,0,0.00%
1420842944.1455332479,1,00:01:49,0.00%,$0.00,0,0.00%
1422940206.1429618206,1,00:07:05,0.00%,$0.00,0,0.00%
1425376738.1489403773,1,00:08:22,0.00%,$0.00,0,0.00%
1427610970.1489585228,1,00:01:53,0.00%,$0.00,0,0.00%
1427681029.1481576615,1,00:00:00,100.00%,$0.00,0,0.00%
1428570651.1483738872,1,00:00:00,100.00%,$0.00,0,0.00%
1430836732.1455418933,1,00:01:45,0.00%,$0.00,0,0.00%
1431259010.1489834562,1,00:00:00,100.00%,$0.00,0,0.00%
1432095826.1489432467,1,00:00:00,100.00%,$0.00,0,0.00%
1432763845.1489298013,1,00:00:00,100.00%,$0.00,0,0.00%
1433599447.1489490292,1,00:00:00,100.00%,$0.00,0,0.00%
1439389591.1489785542,1,00:00:23,0.00%,$0.00,0,0.00%
1445661087.1489898664,1,00:00:51,0.00%,$0.00,0,0.00%
1447057098.1487708599,1,00:02:56,0.00%,$0.00,0,0.00%
1449559363.1472315497,1,00:00:00,100.00%,$0.00,0,0.00%
1449936740.1487395087,1,00:09:25,0.00%,$0.00,0,0.00%
1450463327.1488308381,1,00:00:49,0.00%,$0.00,0,0.00%
1456094788.1489673672,1,00:00:00,100.00%,$0.00,0,0.00%
1456431295.1465907130,1,00:02:56,0.00%,$0.00,0,0.00%
1458446080.1477589923,1,00:00:14,0.00%,$0.00,0,0.00%
146004043.1489593001,1,00:03:37,0.00%,$0.00,0,0.00%
1461616100.1436209644,1,00:00:00,100.00%,$0.00,0,0.00%
1466678814.1483987642,1,00:00:00,100.00%,$0.00,0,0.00%
146902941.1489820897,1,00:00:00,100.00%,$0.00,0,0.00%
1470120486.1438053072,1,00:00:00,100.00%,$0.00,0,0.00%
1471443522.1482159260,1,00:00:18,0.00%,$0.00,0,0.00%
14716651.1489644890,1,00:00:00,100.00%,$0.00,0,0.00%
1472580940.1456807627,1,00:01:24,0.00%,$0.00,0,0.00%
1472745457.1489465447,1,00:00:00,100.00%,$0.00,0,0.00%
147314647.1486672203,1,00:01:11,0.00%,$0.00,0,0.00%
1473277729.1433379349,1,00:00:00,100.00%,$0.00,0,0.00%
1473356915.1489528332,1,00:00:09,0.00%,$0.00,0,0.00%
1473668979.1481443758,1,00:13:28,0.00%,$0.00,0,0.00%
1476933038.1489583201,1,00:00:00,100.00%,$0.00,0,0.00%
148639836.1479011010,1,00:00:36,0.00%,$0.00,0,0.00%
1488186922.1489346216,1,00:00:00,100.00%,$0.00,0,0.00%
1492324127.1489842571,1,00:00:00,100.00%,$0.00,0,0.00%
149402999.1485131033,1,00:00:00,100.00%,$0.00,0,0.00%
1496053537.1489685463,1,00:00:00,100.00%,$0.00,0,0.00%
1499089912.1489767598,1,00:00:00,100.00%,$0.00,0,0.00%
1503768248.1466565925,1,00:01:37,0.00%,$0.00,0,0.00%
1503938657.1438294061,1,00:00:00,100.00%,$0.00,0,0.00%
1504577377.1489474729,1,00:00:00,100.00%,$0.00,0,0.00%
1506726935.1488770048,1,00:00:37,0.00%,$0.00,0,0.00%
1507088549.1489441889,1,00:00:00,100.00%,$0.00,0,0.00%
1507674381.1482357605,1,00:00:00,100.00%,$0.00,0,0.00%
150785707.1489257434,1,00:04:50,0.00%,$0.00,0,0.00%
1508293730.1489770059,1,00:00:00,100.00%,$0.00,0,0.00%
1508751338.1489893773,1,00:00:00,100.00%,$0.00,0,0.00%
1514590362.1473435578,1,00:01:13,0.00%,$0.00,0,0.00%
1517446784.1489614366,1,00:11:28,0.00%,$0.00,0,0.00%
1520848932.1489564731,1,00:00:00,100.00%,$0.00,0,0.00%
1521054395.1489614934,1,00:00:32,0.00%,$0.00,0,0.00%
1522070602.1489486574,1,00:07:47,0.00%,$0.00,0,0.00%
1522234247.1489961219,1,00:00:00,100.00%,$0.00,0,0.00%
1524762591.1426025058,1,00:00:00,100.00%,$0.00,0,0.00%
1525513452.1222404702,1,00:00:00,100.00%,$0.00,0,0.00%
1525830840.1488238286,1,00:00:15,0.00%,$0.00,0,0.00%
1527640306.1489794827,1,00:00:00,100.00%,$0.00,0,0.00%
1529315115.1489448722,1,00:00:00,100.00%,$0.00,0,0.00%
1531065221.1487495874,1,00:03:02,0.00%,$0.00,0,0.00%
1531867863.1483434996,1,00:00:00,100.00%,$0.00,0,0.00%
1536949548.1489584435,1,00:00:00,100.00%,$0.00,0,0.00%
1537480603.1474814399,1,00:00:00,100.00%,$0.00,0,0.00%
1538395416.1489710117,1,00:03:14,0.00%,$0.00,0,0.00%
1547085611.1485815110,1,00:00:57,0.00%,$0.00,0,0.00%
1547671297.1478188560,1,00:00:00,100.00%,$0.00,0,0.00%
1550690475.1489928867,1,00:00:00,100.00%,$0.00,0,0.00%
1552587747.1489046447,1,00:01:03,0.00%,$0.00,0,0.00%
1554129802.1489802885,1,00:00:00,100.00%,$0.00,0,0.00%
155575910.1489609254,1,00:00:00,100.00%,$0.00,0,0.00%
1556226212.1489889651,1,00:00:00,100.00%,$0.00,0,0.00%
15570639.1489603434,1,00:03:52,0.00%,$0.00,0,0.00%
1557378082.1480516607,1,00:00:55,0.00%,$0.00,0,0.00%
1562940786.1486937273,1,00:01:53,0.00%,$0.00,0,0.00%
1570337715.1489949089,1,00:28:12,0.00%,$0.00,0,0.00%
1571606328.1489431117,1,00:00:00,100.00%,$0.00,0,0.00%
1571739915.1489688505,1,00:00:00,100.00%,$0.00,0,0.00%
157431845.1489844646,1,00:49:01,0.00%,$0.00,0,0.00%
1574650547.1480645031,1,00:00:20,0.00%,$0.00,0,0.00%
1579470548.1487190725,1,00:01:54,0.00%,$0.00,0,0.00%
1579504847.1474004082,1,00:00:00,100.00%,$0.00,0,0.00%
1582044776.1489415015,1,00:00:00,100.00%,$0.00,0,0.00%
1588150778.1483477464,1,00:00:00,100.00%,$0.00,0,0.00%
1592142914.1476484786,1,00:03:12,0.00%,$0.00,0,0.00%
1594247386.1489527514,1,00:00:00,100.00%,$0.00,0,0.00%
1597330941.1489739433,1,00:00:21,0.00%,$0.00,0,0.00%
159797835.1489880682,1,00:00:33,0.00%,$0.00,0,0.00%
1599713481.1489820117,1,00:00:00,100.00%,$0.00,0,0.00%
1604632474.1457985940,1,00:00:48,0.00%,$0.00,0,0.00%
1606683315.1489754302,1,00:00:00,100.00%,$0.00,0,0.00%
1608965333.1489763097,1,00:00:00,100.00%,$0.00,0,0.00%
1609813507.1489441280,1,00:00:00,100.00%,$0.00,0,0.00%
1611693532.1489382838,1,00:00:00,100.00%,$0.00,0,0.00%
1617056954.1476089273,1,00:05:25,0.00%,$0.00,0,0.00%
161767018.1489503596,1,00:00:00,100.00%,$0.00,0,0.00%
1618047833.1480101716,1,00:00:13,0.00%,$0.00,0,0.00%
1620053414.1489768015,1,00:01:14,0.00%,$0.00,0,0.00%
1622185895.1489731368,1,00:00:00,100.00%,$0.00,0,0.00%
1623214445.1489795895,1,00:12:09,0.00%,$0.00,0,0.00%
1623283212.1488493514,1,00:06:08,0.00%,$0.00,0,0.00%
1624192414.1489431893,1,00:00:00,100.00%,$0.00,0,0.00%
16243161.1482493385,1,00:00:00,100.00%,$0.00,0,0.00%
1626902309.1489683990,1,00:00:00,100.00%,$0.00,0,0.00%
1627571793.1467993710,1,00:00:28,0.00%,$0.00,0,0.00%
1629328488.1489739959,1,00:00:25,0.00%,$0.00,0,0.00%
1631123881.1489556563,1,00:00:00,100.00%,$0.00,0,0.00%
163148767.1486941205,1,00:00:00,100.00%,$0.00,0,0.00%
1632773094.1489621267,1,00:00:00,100.00%,$0.00,0,0.00%
163291873.1470579285,1,00:00:00,100.00%,$0.00,0,0.00%
1636010102.1489605791,1,00:00:00,100.00%,$0.00,0,0.00%
1637160291.1489748047,1,00:00:00,100.00%,$0.00,0,0.00%
1638673188.1466255484,1,00:01:42,0.00%,$0.00,0,0.00%
1639461057.1489149941,1,00:00:00,100.00%,$0.00,0,0.00%
1644851721.1489663815,1,00:04:18,0.00%,$0.00,0,0.00%
1647875550.1489769895,1,00:00:00,100.00%,$0.00,0,0.00%
1651249698.1470078070,1,00:00:00,100.00%,$0.00,0,0.00%
1651377287.1489533173,1,00:13:46,0.00%,$0.00,0,0.00%
1651640855.1480352745,1,00:00:00,100.00%,$0.00,0,0.00%
1654319706.1444664045,1,00:00:00,100.00%,$0.00,0,0.00%
1656668614.1488246109,1,00:00:00,100.00%,$0.00,0,0.00%
1661206200.1489731068,1,00:02:32,0.00%,$0.00,0,0.00%
1661650973.1480304835,1,00:04:20,0.00%,$0.00,0,0.00%
166203148.1485388097,1,00:00:00,100.00%,$0.00,0,0.00%
1669229198.1484417188,1,00:00:26,0.00%,$0.00,0,0.00%
1669840069.1489595144,1,00:00:00,100.00%,$0.00,0,0.00%
1670413874.1478493758,1,00:00:00,100.00%,$0.00,0,0.00%
167299508.1489876194,1,00:01:10,0.00%,$0.00,0,0.00%
167591188.1481733887,1,00:08:23,0.00%,$0.00,0,0.00%
1679105423.1477293205,1,00:02:11,0.00%,$0.00,0,0.00%
1682131888.1489946225,1,00:00:17,0.00%,$0.00,0,0.00%
1682523280.1489761152,1,00:00:00,100.00%,$0.00,0,0.00%
1682526928.1487246643,1,00:00:00,100.00%,$0.00,0,0.00%
1682992211.1450634908,1,00:00:00,100.00%,$0.00,0,0.00%
1683283750.1488042697,1,00:01:50,0.00%,$0.00,0,0.00%
1686284518.1483000216,1,00:07:04,0.00%,$0.00,0,0.00%
1688744597.1489259484,1,00:00:00,100.00%,$0.00,0,0.00%
1691824707.1478986492,1,00:11:36,0.00%,$0.00,0,0.00%
1695201309.1470417200,1,00:00:00,100.00%,$0.00,0,0.00%
1697973855.1478268037,1,00:17:40,0.00%,$0.00,0,0.00%
1698283776.1482098516,1,00:01:54,0.00%,$0.00,0,0.00%
1699189895.1488893718,1,00:00:00,100.00%,$0.00,0,0.00%
1700143536.1489946711,1,00:00:00,100.00%,$0.00,0,0.00%
1700647480.1489937952,1,00:00:00,100.00%,$0.00,0,0.00%
170501661.1489654530,1,00:02:25,0.00%,$0.00,0,0.00%
170547751.1489921265,1,00:00:18,0.00%,$0.00,0,0.00%
1715595258.1487378488,1,00:00:00,100.00%,$0.00,0,0.00%
1717332801.1489590802,1,00:00:00,100.00%,$0.00,0,0.00%
1718694134.1488722620,1,00:00:00,100.00%,$0.00,0,0.00%
1723173761.1489337731,1,00:00:00,100.00%,$0.00,0,0.00%
1723494037.1489436877,1,00:00:00,100.00%,$0.00,0,0.00%
1724524561.1488426263,1,00:00:48,0.00%,$0.00,0,0.00%
1724981823.1489500951,1,00:00:00,100.00%,$0.00,0,0.00%
1727071827.1489926416,1,00:00:00,100.00%,$0.00,0,0.00%
173106011.1481320486,1,00:00:00,100.00%,$0.00,0,0.00%
1733039500.1489403720,1,00:00:00,100.00%,$0.00,0,0.00%
1734621885.1488422909,1,00:00:00,100.00%,$0.00,0,0.00%
1737705066.1489940152,1,00:00:00,100.00%,$0.00,0,0.00%
1741300515.1489704690,1,00:00:00,100.00%,$0.00,0,0.00%
1744740375.1487530771,1,00:00:00,100.00%,$0.00,0,0.00%
1744969508.1489790180,1,00:00:00,100.00%,$0.00,0,0.00%
1747406714.1487819653,1,00:00:38,0.00%,$0.00,0,0.00%
1747474105.1489678500,1,00:00:00,100.00%,$0.00,0,0.00%
1748611138.1485010667,1,00:00:00,100.00%,$0.00,0,0.00%
1755203802.1489584760,1,00:00:00,100.00%,$0.00,0,0.00%
1755478568.1489682642,1,00:00:15,0.00%,$0.00,0,0.00%
1756723277.1488895909,1,00:00:00,100.00%,$0.00,0,0.00%
1758689497.1489700386,1,00:04:02,0.00%,$0.00,0,0.00%
1759392119.1480446234,1,00:00:00,100.00%,$0.00,0,0.00%
1763235169.1489883077,1,00:09:25,0.00%,$0.00,0,0.00%
1770693121.1489515637,1,00:00:00,100.00%,$0.00,0,0.00%
1771908196.1489718203,1,00:00:00,100.00%,$0.00,0,0.00%
1777140799.1481576761,1,00:00:00,100.00%,$0.00,0,0.00%
1778225692.1394415547,1,00:00:00,100.00%,$0.00,0,0.00%
1778738917.1489862923,1,00:01:09,0.00%,$0.00,0,0.00%
1782119033.1475593896,1,00:00:00,100.00%,$0.00,0,0.00%
1782732985.1480308090,1,00:00:00,100.00%,$0.00,0,0.00%
1789145008.1489409845,1,00:00:00,100.00%,$0.00,0,0.00%
1789784352.1484936661,1,00:00:00,100.00%,$0.00,0,0.00%
1789887572.1489585116,1,00:00:00,100.00%,$0.00,0,0.00%
1806739445.1467996841,1,00:00:17,0.00%,$0.00,0,0.00%
1813033770.1487638938,1,00:16:57,0.00%,$0.00,0,0.00%
1814734541.1448305670,1,00:00:00,100.00%,$0.00,0,0.00%
1814810253.1489665872,1,00:01:56,0.00%,$0.00,0,0.00%
1815763385.1486184706,1,00:01:04,0.00%,$0.00,0,0.00%
1817164789.1487692058,1,00:01:56,0.00%,$0.00,0,0.00%
1818275246.1487260420,1,00:00:00,100.00%,$0.00,0,0.00%
1818479462.1488645783,1,00:00:00,100.00%,$0.00,0,0.00%
1820188136.1489583937,1,00:00:00,100.00%,$0.00,0,0.00%
182062115.1482363038,1,00:00:00,100.00%,$0.00,0,0.00%
1825855460.1482930394,1,00:08:35,0.00%,$0.00,0,0.00%
182888270.1489824139,1,00:00:01,0.00%,$0.00,0,0.00%
1830034396.1489877020,1,00:00:00,100.00%,$0.00,0,0.00%
183465507.1464831783,1,00:00:00,100.00%,$0.00,0,0.00%
1836709946.1489434856,1,00:00:00,100.00%,$0.00,0,0.00%
1837998619.1489534733,1,00:03:44,0.00%,$0.00,0,0.00%
1839493124.1481563410,1,00:06:16,0.00%,$0.00,0,0.00%
1841090160.1485770807,1,00:00:56,0.00%,$0.00,0,0.00%
1844126073.1489456603,1,00:00:00,100.00%,$0.00,0,0.00%
184590248.1467039097,1,00:00:00,100.00%,$0.00,0,0.00%
1845931729.1436276538,1,00:00:00,100.00%,$0.00,0,0.00%
1847729134.1489876677,1,00:00:00,100.00%,$0.00,0,0.00%
1848764117.1489412750,1,00:00:00,100.00%,$0.00,0,0.00%
1851052792.1473451180,1,00:00:00,100.00%,$0.00,0,0.00%
185111343.1489430939,1,00:01:04,0.00%,$0.00,0,0.00%
1852035954.1489409599,1,00:00:00,100.00%,$0.00,0,0.00%
1853383531.1489385679,1,00:00:00,100.00%,$0.00,0,0.00%
1854870929.1489618781,1,00:00:00,100.00%,$0.00,0,0.00%
1855063211.1489687123,1,00:00:00,100.00%,$0.00,0,0.00%
1855457138.1474056373,1,00:03:05,0.00%,$0.00,0,0.00%
1861802785.1489609504,1,00:03:45,0.00%,$0.00,0,0.00%
1862855494.1488748509,1,00:00:40,0.00%,$0.00,0,0.00%
1864043195.1465087450,1,00:00:30,0.00%,$0.00,0,0.00%
1865944738.1489523870,1,00:00:00,100.00%,$0.00,0,0.00%
1868780636.1489948966,1,00:00:00,100.00%,$0.00,0,0.00%
1870291135.1489727135,1,00:00:48,0.00%,$0.00,0,0.00%
1871423855.1465497158,1,00:00:00,100.00%,$0.00,0,0.00%
1872331177.1489419116,1,00:00:00,100.00%,$0.00,0,0.00%
18735478.1489438519,1,00:00:00,100.00%,$0.00,0,0.00%
1874482717.1489450113,1,00:00:00,100.00%,$0.00,0,0.00%
18752525.1489825978,1,00:00:00,100.00%,$0.00,0,0.00%
1876436640.1489748496,1,00:02:44,0.00%,$0.00,0,0.00%
1878512383.1489506105,1,00:00:00,100.00%,$0.00,0,0.00%
1881916473.1489409431,1,00:00:00,100.00%,$0.00,0,0.00%
1884678110.1488650813,1,00:00:00,100.00%,$0.00,0,0.00%
1887928458.1457182931,1,00:00:00,100.00%,$0.00,0,0.00%
1889894693.1489739711,1,00:00:00,100.00%,$0.00,0,0.00%
1890227798.1484499939,1,00:00:00,100.00%,$0.00,0,0.00%
1890309320.1489438549,1,00:00:23,0.00%,$0.00,0,0.00%
189085900.1488416486,1,00:03:59,0.00%,$0.00,0,0.00%
1891120512.1489449257,1,00:00:00,100.00%,$0.00,0,0.00%
1898076353.1470797632,1,00:00:00,100.00%,$0.00,0,0.00%
1898531371.1489741744,1,00:03:21,0.00%,$0.00,0,0.00%
1899209236.1488913943,1,00:00:00,100.00%,$0.00,0,0.00%
1901324772.1484176519,1,00:02:39,0.00%,$0.00,0,0.00%
190307634.1466003518,1,00:00:00,100.00%,$0.00,0,0.00%
1903354786.1489958918,1,00:00:00,100.00%,$0.00,0,0.00%
1904347817.1489775934,1,00:07:45,0.00%,$0.00,0,0.00%
1907440711.1489486798,1,00:12:38,0.00%,$0.00,0,0.00%
1908434916.1489772608,1,00:00:00,100.00%,$0.00,0,0.00%
190855749.1483581381,1,00:00:00,100.00%,$0.00,0,0.00%
1909737392.1489409972,1,00:00:00,100.00%,$0.00,0,0.00%
1912670424.1480487068,1,00:00:00,100.00%,$0.00,0,0.00%
1913228822.1489918644,1,00:00:00,100.00%,$0.00,0,0.00%
1913765930.1488946154,1,00:00:00,100.00%,$0.00,0,0.00%
1914079711.1489201579,1,00:00:00,100.00%,$0.00,0,0.00%
1916218012.1489853364,1,00:00:00,100.00%,$0.00,0,0.00%
191642282.1489963874,1,00:00:00,100.00%,$0.00,0,0.00%
1917015314.1488390414,1,00:00:00,100.00%,$0.00,0,0.00%
191742345.1464525598,1,00:00:00,100.00%,$0.00,0,0.00%
1918117760.1489527224,1,00:00:00,100.00%,$0.00,0,0.00%
1918336161.1489884569,1,00:00:00,100.00%,$0.00,0,0.00%
192815537.1489470709,1,00:00:00,100.00%,$0.00,0,0.00%
1928606982.1429675411,1,00:00:00,100.00%,$0.00,0,0.00%
1930451205.1489809122,1,00:00:00,100.00%,$0.00,0,0.00%
1931568425.1489691112,1,00:00:00,100.00%,$0.00,0,0.00%
1932843577.1489915756,1,00:00:00,100.00%,$0.00,0,0.00%
1934108736.1489854056,1,00:00:00,100.00%,$0.00,0,0.00%
1935056291.1489931946,1,00:00:00,100.00%,$0.00,0,0.00%
1935296711.1480266153,1,00:00:00,100.00%,$0.00,0,0.00%
1940277524.1489460678,1,00:00:13,0.00%,$0.00,0,0.00%
1940687835.1484086338,1,00:00:00,100.00%,$0.00,0,0.00%
1948739708.1489404731,1,00:00:18,0.00%,$0.00,0,0.00%
1948890472.1489908345,1,00:02:06,0.00%,$0.00,0,0.00%
1949200198.1485566112,1,00:00:00,100.00%,$0.00,0,0.00%
1950165789.1486916270,1,00:01:07,0.00%,$0.00,0,0.00%
1950211580.1489438914,1,00:00:00,100.00%,$0.00,0,0.00%
1951081334.1489692171,1,00:03:15,0.00%,$0.00,0,0.00%
1951685501.1486762779,1,00:00:00,100.00%,$0.00,0,0.00%
1962948041.1489494490,1,00:08:39,0.00%,$0.00,0,0.00%
1971096265.1489437871,1,00:00:00,100.00%,$0.00,0,0.00%
1973559904.1489740079,1,00:00:00,100.00%,$0.00,0,0.00%
1974884056.1485252281,1,00:00:00,100.00%,$0.00,0,0.00%
1977836044.1489427700,1,00:00:00,100.00%,$0.00,0,0.00%
1979707289.1486990802,1,00:00:00,100.00%,$0.00,0,0.00%
197981349.1489908732,1,00:00:00,100.00%,$0.00,0,0.00%
1979908794.1489776437,1,00:00:00,100.00%,$0.00,0,0.00%
1990669292.1489711310,1,00:00:00,100.00%,$0.00,0,0.00%
1994760488.1489866713,1,00:17:36,0.00%,$0.00,0,0.00%
1995494575.1489486603,1,00:08:38,0.00%,$0.00,0,0.00%
1996293151.1489624619,1,00:00:00,100.00%,$0.00,0,0.00%
1998619342.1487688919,1,00:00:00,100.00%,$0.00,0,0.00%
2000699267.1479392869,1,00:00:00,100.00%,$0.00,0,0.00%
2007820640.1488774475,1,00:00:00,100.00%,$0.00,0,0.00%
2010252137.1489510294,1,00:00:00,100.00%,$0.00,0,0.00%
2012474443.1489462195,1,00:00:00,100.00%,$0.00,0,0.00%
2012692780.1488976445,1,00:02:07,0.00%,$0.00,0,0.00%
2013138339.1489749999,1,00:01:55,0.00%,$0.00,0,0.00%
2013257622.1438301797,1,00:00:00,100.00%,$0.00,0,0.00%
2018920033.1489770162,1,00:00:10,0.00%,$0.00,0,0.00%
2019417864.1489798125,1,00:00:00,100.00%,$0.00,0,0.00%
2029208343.1489545373,1,00:00:00,100.00%,$0.00,0,0.00%
2029958250.1488485963,1,00:00:00,100.00%,$0.00,0,0.00%
2030381583.1489013801,1,00:00:00,100.00%,$0.00,0,0.00%
2030657773.1487780094,1,00:02:33,0.00%,$0.00,0,0.00%
2036852029.1446822728,1,00:00:00,100.00%,$0.00,0,0.00%
2041124961.1489580175,1,00:00:00,100.00%,$0.00,0,0.00%
2041663621.1489658386,1,00:18:38,0.00%,$0.00,0,0.00%
20420399.1477740381,1,00:00:00,100.00%,$0.00,0,0.00%
2042309199.1489439336,1,00:00:00,100.00%,$0.00,0,0.00%
2043369340.1489745951,1,00:00:00,100.00%,$0.00,0,0.00%
2045193916.1480609255,1,00:00:00,100.00%,$0.00,0,0.00%
2046083853.1489805047,1,00:01:44,0.00%,$0.00,0,0.00%
2050941490.1489580959,1,00:00:00,100.00%,$0.00,0,0.00%
2051834954.1489519625,1,00:00:00,100.00%,$0.00,0,0.00%
2053667068.1487811399,1,00:00:00,100.00%,$0.00,0,0.00%
2058323578.1489554517,1,00:00:00,100.00%,$0.00,0,0.00%
2059523441.1489460044,1,00:00:00,100.00%,$0.00,0,0.00%
2066519976.1489396467,1,00:00:00,100.00%,$0.00,0,0.00%
2066565086.1489505591,1,00:00:00,100.00%,$0.00,0,0.00%
2070531988.1481056072,1,00:00:00,100.00%,$0.00,0,0.00%
2071466076.1481801387,1,00:11:32,0.00%,$0.00,0,0.00%
2074678795.1373862893,1,00:00:00,100.00%,$0.00,0,0.00%
207511812.1489700031,1,00:00:22,0.00%,$0.00,0,0.00%
2078627103.1489842354,1,00:00:28,0.00%,$0.00,0,0.00%
2083113896.1489979325,1,00:00:06,0.00%,$0.00,0,0.00%
2090913241.1489419286,1,00:00:00,100.00%,$0.00,0,0.00%
2091869383.1466485579,1,00:00:39,0.00%,$0.00,0,0.00%
2093101370.1489656337,1,00:00:00,100.00%,$0.00,0,0.00%
2097048428.1474761039,1,00:00:00,100.00%,$0.00,0,0.00%
2098038859.1489856996,1,00:00:00,100.00%,$0.00,0,0.00%
2100618697.1465036274,1,00:00:00,100.00%,$0.00,0,0.00%
2104382334.1489429957,1,00:00:00,100.00%,$0.00,0,0.00%
2106623850.1489407511,1,00:00:00,100.00%,$0.00,0,0.00%
2110836492.1489414867,1,00:00:00,100.00%,$0.00,0,0.00%
2113710106.1489796864,1,00:18:29,0.00%,$0.00,0,0.00%
2115687872.1489482215,1,00:00:00,100.00%,$0.00,0,0.00%
2120330584.1489595460,1,00:07:45,0.00%,$0.00,0,0.00%
2121596770.1489527831,1,00:01:51,0.00%,$0.00,0,0.00%
2124035758.1489409732,1,00:00:00,100.00%,$0.00,0,0.00%
2127872016.1482343528,1,00:00:00,100.00%,$0.00,0,0.00%
2141547538.1489969279,1,00:00:00,100.00%,$0.00,0,0.00%
2144788318.1489942858,1,00:00:39,0.00%,$0.00,0,0.00%
2146223169.1488813492,1,00:00:00,100.00%,$0.00,0,0.00%
217955009.1489891693,1,00:00:00,100.00%,$0.00,0,0.00%
218512454.1489571810,1,00:00:00,100.00%,$0.00,0,0.00%
219546622.1489943348,1,00:00:00,100.00%,$0.00,0,0.00%
219688957.1482303369,1,00:00:55,0.00%,$0.00,0,0.00%
221858760.1489630346,1,00:00:15,0.00%,$0.00,0,0.00%
222595162.1489858564,1,00:02:10,0.00%,$0.00,0,0.00%
222627608.1465250386,1,00:00:00,100.00%,$0.00,0,0.00%
227821407.1489631821,1,00:00:00,100.00%,$0.00,0,0.00%
228880059.1489787393,1,00:00:00,100.00%,$0.00,0,0.00%
228969571.1489841537,1,00:00:48,0.00%,$0.00,0,0.00%
2313833.1471775662,1,00:01:42,0.00%,$0.00,0,0.00%
231930275.1489607591,1,00:00:00,100.00%,$0.00,0,0.00%
233024975.1486089689,1,00:00:00,100.00%,$0.00,0,0.00%
235673648.1486235060,1,00:00:00,100.00%,$0.00,0,0.00%
239111084.1489518422,1,00:00:00,100.00%,$0.00,0,0.00%
241393771.1489529820,1,00:00:58,0.00%,$0.00,0,0.00%
242649718.1470716732,1,00:00:00,100.00%,$0.00,0,0.00%
247637001.1489465038,1,00:00:00,100.00%,$0.00,0,0.00%
247841996.1471787135,1,00:01:12,0.00%,$0.00,0,0.00%
251567917.1489254657,1,00:00:52,0.00%,$0.00,0,0.00%
251594961.1449961174,1,00:00:00,100.00%,$0.00,0,0.00%
253037275.1489843492,1,00:00:07,0.00%,$0.00,0,0.00%
25575938.1487951318,1,00:00:00,100.00%,$0.00,0,0.00%
25749719.1488971769,1,00:02:15,0.00%,$0.00,0,0.00%
257690206.1479902228,1,00:00:00,100.00%,$0.00,0,0.00%
264158708.1488866275,1,00:00:33,0.00%,$0.00,0,0.00%
271182835.1487011505,1,00:00:00,100.00%,$0.00,0,0.00%
274432681.1489580057,1,00:09:14,0.00%,$0.00,0,0.00%
27505263.1479652782,1,00:00:00,100.00%,$0.00,0,0.00%
275287620.1467660090,1,00:00:00,100.00%,$0.00,0,0.00%
280424722.1489853803,1,00:00:17,0.00%,$0.00,0,0.00%
282346476.1489400784,1,00:00:00,100.00%,$0.00,0,0.00%
282530143.1480040757,1,00:00:28,0.00%,$0.00,0,0.00%
283250777.1489460507,1,00:00:00,100.00%,$0.00,0,0.00%
290089891.1489429155,1,00:00:00,100.00%,$0.00,0,0.00%
292191030.1489770396,1,00:00:00,100.00%,$0.00,0,0.00%
292236560.1461952998,1,00:00:00,100.00%,$0.00,0,0.00%
292306739.1489915029,1,00:00:00,100.00%,$0.00,0,0.00%
301626262.1486730571,1,00:00:00,100.00%,$0.00,0,0.00%
3028997.1489754611,1,00:00:00,100.00%,$0.00,0,0.00%
307781856.1470815767,1,00:03:14,0.00%,$0.00,0,0.00%
308505771.1473938251,1,00:00:37,0.00%,$0.00,0,0.00%
309117078.1489732817,1,00:00:00,100.00%,$0.00,0,0.00%
309346208.1485040565,1,00:02:28,0.00%,$0.00,0,0.00%
312038548.1489872873,1,00:00:00,100.00%,$0.00,0,0.00%
314547385.1489591407,1,00:00:00,100.00%,$0.00,0,0.00%
314946365.1482177166,1,00:00:00,100.00%,$0.00,0,0.00%
320283132.1489391654,1,00:00:00,100.00%,$0.00,0,0.00%
324232247.1489940283,1,00:00:00,100.00%,$0.00,0,0.00%
324733340.1489510426,1,00:00:00,100.00%,$0.00,0,0.00%
327017003.1489929288,1,00:00:00,100.00%,$0.00,0,0.00%
327944925.1489847972,1,00:00:00,100.00%,$0.00,0,0.00%
32830009.1427246974,1,00:01:54,0.00%,$0.00,0,0.00%
330502178.1489953615,1,00:05:02,0.00%,$0.00,0,0.00%
334188085.1486771452,1,00:02:40,0.00%,$0.00,0,0.00%
336369496.1489855486,1,00:00:00,100.00%,$0.00,0,0.00%
338335661.1482675569,1,00:01:03,0.00%,$0.00,0,0.00%
33872752.1479710866,1,00:00:00,100.00%,$0.00,0,0.00%
339068388.1489711214,1,00:00:00,100.00%,$0.00,0,0.00%
341797902.1489669827,1,00:00:00,100.00%,$0.00,0,0.00%
347035896.1489766621,1,00:00:00,100.00%,$0.00,0,0.00%
350283993.1489402755,1,00:00:00,100.00%,$0.00,0,0.00%
353516755.1484582151,1,00:01:28,0.00%,$0.00,0,0.00%
356226369.1472737967,1,00:02:56,0.00%,$0.00,0,0.00%
36344051.1483618083,1,00:00:23,0.00%,$0.00,0,0.00%
36482669.1470860834,1,00:00:00,100.00%,$0.00,0,0.00%
368030958.1489270942,1,00:00:27,0.00%,$0.00,0,0.00%
371633177.1489753504,1,00:01:27,0.00%,$0.00,0,0.00%
372998483.1489762551,1,00:00:19,0.00%,$0.00,0,0.00%
375044278.1487886476,1,00:00:00,100.00%,$0.00,0,0.00%
375977217.1440836855,1,00:02:11,0.00%,$0.00,0,0.00%
380425277.1483903309,1,00:00:00,100.00%,$0.00,0,0.00%
381195923.1486010484,1,00:01:25,0.00%,$0.00,0,0.00%
384486596.1461965279,1,00:00:00,100.00%,$0.00,0,0.00%
389446487.1478057950,1,00:06:13,0.00%,$0.00,0,0.00%
392210684.1489459059,1,00:00:00,100.00%,$0.00,0,0.00%
392611863.1489692246,1,00:01:36,0.00%,$0.00,0,0.00%
392985377.1489411535,1,00:00:07,0.00%,$0.00,0,0.00%
393273858.1488332996,1,00:00:00,100.00%,$0.00,0,0.00%
394519443.1489816782,1,00:00:00,100.00%,$0.00,0,0.00%
395239805.1484854149,1,00:00:00,100.00%,$0.00,0,0.00%
395505464.1489523482,1,00:05:15,0.00%,$0.00,0,0.00%
398379630.1489707410,1,00:12:41,0.00%,$0.00,0,0.00%
39947384.1460575682,1,00:00:00,100.00%,$0.00,0,0.00%
403484149.1481412111,1,00:00:37,0.00%,$0.00,0,0.00%
404337108.1464015771,1,00:00:00,100.00%,$0.00,0,0.00%
405042237.1489474234,1,00:41:10,0.00%,$0.00,0,0.00%
405933796.1488573127,1,00:02:03,0.00%,$0.00,0,0.00%
409829498.1489397428,1,00:00:00,100.00%,$0.00,0,0.00%
414376457.1484172556,1,00:08:47,0.00%,$0.00,0,0.00%
417154569.1485734167,1,00:00:00,100.00%,$0.00,0,0.00%
420322659.1459564523,1,00:00:00,100.00%,$0.00,0,0.00%
423199035.1461944573,1,00:03:19,0.00%,$0.00,0,0.00%
430475978.1487571945,1,00:00:00,100.00%,$0.00,0,0.00%
432102803.1460526470,1,00:00:00,100.00%,$0.00,0,0.00%
433067295.1481585617,1,00:00:40,0.00%,$0.00,0,0.00%
434081866.1486323504,1,00:01:53,0.00%,$0.00,0,0.00%
434283143.1489245019,1,00:00:00,100.00%,$0.00,0,0.00%
434854461.1489619721,1,00:00:00,100.00%,$0.00,0,0.00%
436032456.1489405272,1,00:00:00,100.00%,$0.00,0,0.00%
439674754.1489912990,1,00:00:00,100.00%,$0.00,0,0.00%
440533185.1489515053,1,00:00:00,100.00%,$0.00,0,0.00%
440978172.1487778914,1,00:00:21,0.00%,$0.00,0,0.00%
443428523.1489777250,1,00:00:00,100.00%,$0.00,0,0.00%
44620945.1489418508,1,00:00:00,100.00%,$0.00,0,0.00%
44748151.1489379609,1,00:00:00,100.00%,$0.00,0,0.00%
456406495.1473005377,1,00:02:54,0.00%,$0.00,0,0.00%
456541252.1489484432,1,00:00:00,100.00%,$0.00,0,0.00%
457535132.1482140303,1,00:00:00,100.00%,$0.00,0,0.00%
461502200.1478313202,1,00:00:00,100.00%,$0.00,0,0.00%
463445304.1478714027,1,00:00:00,100.00%,$0.00,0,0.00%
463843190.1489852217,1,00:03:16,0.00%,$0.00,0,0.00%
464617615.1489696441,1,00:00:00,100.00%,$0.00,0,0.00%
468613221.1489437972,1,00:00:00,100.00%,$0.00,0,0.00%
470683260.1489734591,1,00:00:00,100.00%,$0.00,0,0.00%
476262581.1489517523,1,00:00:00,100.00%,$0.00,0,0.00%
484062692.1489934248,1,00:14:26,0.00%,$0.00,0,0.00%
484509489.1489906386,1,00:00:00,100.00%,$0.00,0,0.00%
484629191.1489669535,1,00:00:00,100.00%,$0.00,0,0.00%
484748443.1482781543,1,00:06:49,0.00%,$0.00,0,0.00%
492107201.1452054962,1,00:00:00,100.00%,$0.00,0,0.00%
492743119.1489513222,1,00:09:01,0.00%,$0.00,0,0.00%
493984652.1489583748,1,00:00:00,100.00%,$0.00,0,0.00%
494261101.1489048623,1,00:00:00,100.00%,$0.00,0,0.00%
495820921.1479926718,1,00:00:00,100.00%,$0.00,0,0.00%
495981954.1489799702,1,00:00:00,100.00%,$0.00,0,0.00%
504445596.1489750903,1,00:00:53,0.00%,$0.00,0,0.00%
505295722.1489444179,1,00:00:00,100.00%,$0.00,0,0.00%
506501918.1488942202,1,00:00:00,100.00%,$0.00,0,0.00%
508101299.1489487148,1,00:00:00,100.00%,$0.00,0,0.00%
509901287.1489683352,1,00:00:00,100.00%,$0.00,0,0.00%
510493231.1471218195,1,00:05:33,0.00%,$0.00,0,0.00%
513518555.1460289435,1,00:00:00,100.00%,$0.00,0,0.00%
514075050.1489912860,1,00:00:00,100.00%,$0.00,0,0.00%
516713957.1442162968,1,00:00:00,100.00%,$0.00,0,0.00%
518598077.1489607312,1,00:24:08,0.00%,$0.00,0,0.00%
518796090.1489501795,1,00:01:01,0.00%,$0.00,0,0.00%
522210936.1489503275,1,00:00:00,100.00%,$0.00,0,0.00%
526537975.1489637775,1,00:00:00,100.00%,$0.00,0,0.00%
529910975.1489744280,1,00:00:00,100.00%,$0.00,0,0.00%
530538636.1489166058,1,00:00:00,100.00%,$0.00,0,0.00%
530796068.1489414243,1,00:00:00,100.00%,$0.00,0,0.00%
531893313.1488165266,1,00:00:29,0.00%,$0.00,0,0.00%
532297573.1489455506,1,00:00:00,100.00%,$0.00,0,0.00%
532659101.1489832913,1,00:00:00,100.00%,$0.00,0,0.00%
533982190.1470258158,1,00:00:00,100.00%,$0.00,0,0.00%
53898260.1410550643,1,00:00:00,100.00%,$0.00,0,0.00%
539462204.1487839285,1,00:00:00,100.00%,$0.00,0,0.00%
540140150.1489586050,1,00:00:00,100.00%,$0.00,0,0.00%
544824256.1489566534,1,00:00:47,0.00%,$0.00,0,0.00%
549421375.1482739200,1,00:08:24,0.00%,$0.00,0,0.00%
550741001.1488308327,1,00:00:33,0.00%,$0.00,0,0.00%
551133553.1489396198,1,00:03:39,0.00%,$0.00,0,0.00%
554358493.1489500799,1,00:00:00,100.00%,$0.00,0,0.00%
555393615.1481610952,1,00:00:47,0.00%,$0.00,0,0.00%
555584602.1487163657,1,00:06:19,0.00%,$0.00,0,0.00%
555625706.1489609624,1,00:00:00,100.00%,$0.00,0,0.00%
556287254.1489873524,1,00:00:00,100.00%,$0.00,0,0.00%
556925077.1489763810,1,00:00:00,100.00%,$0.00,0,0.00%
5574860.1489503421,1,00:00:00,100.00%,$0.00,0,0.00%
557800860.1479770932,1,00:00:00,100.00%,$0.00,0,0.00%
558460881.1487510445,1,00:00:00,100.00%,$0.00,0,0.00%
558814772.1488854735,1,00:00:00,100.00%,$0.00,0,0.00%
564844712.1489537715,1,00:00:00,100.00%,$0.00,0,0.00%
565227689.1489714499,1,00:00:53,0.00%,$0.00,0,0.00%
568357861.1452262269,1,00:00:00,100.00%,$0.00,0,0.00%
574205229.1489759187,1,00:00:00,100.00%,$0.00,0,0.00%
574856192.1489466500,1,00:14:19,0.00%,$0.00,0,0.00%
574920604.1488286089,1,00:00:00,100.00%,$0.00,0,0.00%
574920795.1489077421,1,00:00:00,100.00%,$0.00,0,0.00%
57823384.1485971532,1,00:00:00,100.00%,$0.00,0,0.00%
587216100.1489962895,1,00:00:00,100.00%,$0.00,0,0.00%
589222159.1489641692,1,00:00:06,0.00%,$0.00,0,0.00%
594727973.1488673119,1,00:00:00,100.00%,$0.00,0,0.00%
595493557.1489465975,1,00:00:00,100.00%,$0.00,0,0.00%
599288504.1487957626,1,00:02:58,0.00%,$0.00,0,0.00%
599377666.1489782647,1,00:00:00,100.00%,$0.00,0,0.00%
601449245.1486208127,1,00:00:00,100.00%,$0.00,0,0.00%
602069289.1488940135,1,00:00:00,100.00%,$0.00,0,0.00%
602203581.1489865804,1,00:00:00,100.00%,$0.00,0,0.00%
603500838.1489511370,1,00:00:00,100.00%,$0.00,0,0.00%
60818987.1489858812,1,00:10:09,0.00%,$0.00,0,0.00%
612256516.1354996120,1,00:00:00,100.00%,$0.00,0,0.00%
612394561.1485515409,1,00:09:19,0.00%,$0.00,0,0.00%
613241062.1489609749,1,00:00:00,100.00%,$0.00,0,0.00%
620280137.1469818212,1,00:00:00,100.00%,$0.00,0,0.00%
620802860.1489216457,1,00:00:00,100.00%,$0.00,0,0.00%
620996425.1486687428,1,00:00:00,100.00%,$0.00,0,0.00%
624660260.1489649189,1,00:25:17,0.00%,$0.00,0,0.00%
627063012.1489680974,1,00:00:00,100.00%,$0.00,0,0.00%
627692956.1489599151,1,00:00:00,100.00%,$0.00,0,0.00%
627864129.1489502675,1,00:00:00,100.00%,$0.00,0,0.00%
628247838.1489910331,1,00:00:00,100.00%,$0.00,0,0.00%
630416080.1460574916,1,00:00:00,100.00%,$0.00,0,0.00%
630971527.1489662845,1,00:00:37,0.00%,$0.00,0,0.00%
632156432.1488940271,1,00:00:00,100.00%,$0.00,0,0.00%
634853528.1489603367,1,00:00:00,100.00%,$0.00,0,0.00%
638281623.1489960518,1,00:00:00,100.00%,$0.00,0,0.00%
639149233.1489865299,1,00:00:53,0.00%,$0.00,0,0.00%
641619895.1489704497,1,00:00:00,100.00%,$0.00,0,0.00%
642302701.1486710160,1,00:00:39,0.00%,$0.00,0,0.00%
647155380.1489504725,1,00:00:00,100.00%,$0.00,0,0.00%
648863467.1483789053,1,00:00:00,100.00%,$0.00,0,0.00%
648910719.1489107873,1,00:22:04,0.00%,$0.00,0,0.00%
64944049.1477106176,1,00:00:00,100.00%,$0.00,0,0.00%
650138036.1475872950,1,00:00:00,100.00%,$0.00,0,0.00%
651272923.1488959031,1,00:00:00,100.00%,$0.00,0,0.00%
65292239.1487076351,1,00:01:50,0.00%,$0.00,0,0.00%
655906704.1489863573,1,00:00:00,100.00%,$0.00,0,0.00%
655968214.1481163805,1,00:00:00,100.00%,$0.00,0,0.00%
656282835.1478079300,1,00:00:00,100.00%,$0.00,0,0.00%
65771490.1489759175,1,00:00:00,100.00%,$0.00,0,0.00%
661611096.1488167755,1,00:00:00,100.00%,$0.00,0,0.00%
663222791.1462626799,1,00:00:00,100.00%,$0.00,0,0.00%
667927501.1448670982,1,00:00:00,100.00%,$0.00,0,0.00%
670868537.1489460758,1,00:01:31,0.00%,$0.00,0,0.00%
671639813.1489676696,1,00:00:00,100.00%,$0.00,0,0.00%
674315018.1489738846,1,00:00:00,100.00%,$0.00,0,0.00%
675235407.1489597499,1,00:00:00,100.00%,$0.00,0,0.00%
675766889.1470127481,1,00:00:00,100.00%,$0.00,0,0.00%
677146649.1489819835,1,00:00:00,100.00%,$0.00,0,0.00%
678519983.1488317719,1,00:00:00,100.00%,$0.00,0,0.00%
680118193.1479407551,1,00:00:00,100.00%,$0.00,0,0.00%
682915056.1489590183,1,00:00:00,100.00%,$0.00,0,0.00%
684367845.1489613926,1,00:27:01,0.00%,$0.00,0,0.00%
68952740.1486412096,1,00:00:39,0.00%,$0.00,0,0.00%
692250301.1489732620,1,00:00:00,100.00%,$0.00,0,0.00%
694442260.1489962923,1,00:00:00,100.00%,$0.00,0,0.00%
696502564.1485069902,1,00:03:37,0.00%,$0.00,0,0.00%
701951439.1489768423,1,00:00:00,100.00%,$0.00,0,0.00%
701959962.1489436609,1,00:11:05,0.00%,$0.00,0,0.00%
71453108.1486215669,1,00:00:00,100.00%,$0.00,0,0.00%
715722734.1489935658,1,00:00:00,100.00%,$0.00,0,0.00%
719244839.1472302332,1,00:00:00,100.00%,$0.00,0,0.00%
721656727.1486951129,1,00:00:00,100.00%,$0.00,0,0.00%
722260114.1479584906,1,00:00:45,0.00%,$0.00,0,0.00%
724812405.1487696210,1,00:00:00,100.00%,$0.00,0,0.00%
728647404.1489870509,1,00:00:00,100.00%,$0.00,0,0.00%
736032752.1480323928,1,00:00:00,100.00%,$0.00,0,0.00%
739910530.1489472945,1,00:00:00,100.00%,$0.00,0,0.00%
745289096.1486601326,1,00:00:00,100.00%,$0.00,0,0.00%
746046007.1489954080,1,00:00:00,100.00%,$0.00,0,0.00%
746493288.1489419031,1,00:00:36,0.00%,$0.00,0,0.00%
747416686.1489609873,1,00:00:00,100.00%,$0.00,0,0.00%
750558854.1489682819,1,00:00:00,100.00%,$0.00,0,0.00%
752789456.1489714942,1,00:00:00,100.00%,$0.00,0,0.00%
75517199.1484021652,1,00:00:00,100.00%,$0.00,0,0.00%
755485688.1489526156,1,00:00:00,100.00%,$0.00,0,0.00%
76195788.1482217517,1,00:04:07,0.00%,$0.00,0,0.00%
763742784.1479217811,1,00:00:00,100.00%,$0.00,0,0.00%
772632333.1457023698,1,00:00:00,100.00%,$0.00,0,0.00%
774801313.1489400167,1,00:00:56,0.00%,$0.00,0,0.00%
775609100.1489608740,1,00:01:04,0.00%,$0.00,0,0.00%
778999773.1475937974,1,00:00:00,100.00%,$0.00,0,0.00%
781613752.1489543221,1,00:00:00,100.00%,$0.00,0,0.00%
786734370.1486903161,1,00:00:00,100.00%,$0.00,0,0.00%
787832111.1483525904,1,00:00:00,100.00%,$0.00,0,0.00%
800342704.1489850862,1,00:00:00,100.00%,$0.00,0,0.00%
800845821.1426260589,1,00:00:14,0.00%,$0.00,0,0.00%
802880718.1489884638,1,00:00:00,100.00%,$0.00,0,0.00%
806498497.1489767550,1,00:00:00,100.00%,$0.00,0,0.00%
809799028.1489781423,1,00:00:00,100.00%,$0.00,0,0.00%
811275327.1489521873,1,00:00:56,0.00%,$0.00,0,0.00%
814811647.1489578237,1,00:07:26,0.00%,$0.00,0,0.00%
816884079.1465938126,1,00:02:00,0.00%,$0.00,0,0.00%
818929868.1488999676,1,00:38:52,0.00%,$0.00,0,0.00%
821234626.1486704008,1,00:00:00,100.00%,$0.00,0,0.00%
827244413.1488978945,1,00:02:31,0.00%,$0.00,0,0.00%
827947400.1489610983,1,00:00:00,100.00%,$0.00,0,0.00%
832947771.1488201237,1,00:05:35,0.00%,$0.00,0,0.00%
834628003.1467934151,1,00:00:00,100.00%,$0.00,0,0.00%
835282607.1489500064,1,00:00:00,100.00%,$0.00,0,0.00%
837355287.1486163253,1,00:00:00,100.00%,$0.00,0,0.00%
837717177.1489791493,1,00:00:00,100.00%,$0.00,0,0.00%
840874908.1489826529,1,00:00:00,100.00%,$0.00,0,0.00%
841738011.1489481774,1,00:02:10,0.00%,$0.00,0,0.00%
844818173.1470795846,1,00:00:00,100.00%,$0.00,0,0.00%
846076455.1489423202,1,00:02:14,0.00%,$0.00,0,0.00%
84792572.1486661896,1,00:00:00,100.00%,$0.00,0,0.00%
851124581.1466381946,1,00:00:00,100.00%,$0.00,0,0.00%
851248033.1489932202,1,00:00:13,0.00%,$0.00,0,0.00%
852198014.1458329807,1,00:00:33,0.00%,$0.00,0,0.00%
857683092.1489562312,1,00:00:00,100.00%,$0.00,0,0.00%
858276066.1439364542,1,00:00:00,100.00%,$0.00,0,0.00%
861091067.1489876392,1,00:00:00,100.00%,$0.00,0,0.00%
861966400.1489857019,1,00:01:48,0.00%,$0.00,0,0.00%
864876822.1487611673,1,00:00:00,100.00%,$0.00,0,0.00%
866505215.1475028110,1,00:00:48,0.00%,$0.00,0,0.00%
869141922.1482480550,1,00:00:57,0.00%,$0.00,0,0.00%
874389788.1484590894,1,00:05:09,0.00%,$0.00,0,0.00%
876077042.1475878691,1,00:00:00,100.00%,$0.00,0,0.00%
876944633.1489617832,1,00:00:00,100.00%,$0.00,0,0.00%
87807849.1489820889,1,00:00:00,100.00%,$0.00,0,0.00%
879228747.1478716057,1,00:00:00,100.00%,$0.00,0,0.00%
879958195.1489852665,1,00:00:00,100.00%,$0.00,0,0.00%
881673184.1488468921,1,00:00:00,100.00%,$0.00,0,0.00%
891581032.1489204167,1,00:01:38,0.00%,$0.00,0,0.00%
892873281.1481974922,1,00:00:00,100.00%,$0.00,0,0.00%
897152794.1445306041,1,00:00:00,100.00%,$0.00,0,0.00%
899022445.1489710517,1,00:00:00,100.00%,$0.00,0,0.00%
899765822.1489615537,1,00:00:00,100.00%,$0.00,0,0.00%
901899912.1489576667,1,00:04:49,0.00%,$0.00,0,0.00%
904130999.1486003202,1,00:00:00,100.00%,$0.00,0,0.00%
907226095.1481081076,1,00:01:42,0.00%,$0.00,0,0.00%
908228267.1489766618,1,00:00:00,100.00%,$0.00,0,0.00%
910709324.1489556803,1,00:00:00,100.00%,$0.00,0,0.00%
916469444.1489760822,1,00:00:00,100.00%,$0.00,0,0.00%
917235763.1476113891,1,00:02:13,0.00%,$0.00,0,0.00%
923274138.1487428461,1,00:00:00,100.00%,$0.00,0,0.00%
924587540.1489177753,1,00:00:00,100.00%,$0.00,0,0.00%
925191011.1489692939,1,00:00:24,0.00%,$0.00,0,0.00%
926435161.1469910007,1,00:01:28,0.00%,$0.00,0,0.00%
92690594.1479374153,1,00:04:02,0.00%,$0.00,0,0.00%
928252167.1489615312,1,00:00:00,100.00%,$0.00,0,0.00%
928625033.1489595858,1,00:00:01,0.00%,$0.00,0,0.00%
931427254.1468993983,1,00:00:00,100.00%,$0.00,0,0.00%
931813071.1463168624,1,00:00:00,100.00%,$0.00,0,0.00%
935318833.1489524379,1,00:00:00,100.00%,$0.00,0,0.00%
939690973.1487303904,1,00:00:00,100.00%,$0.00,0,0.00%
943736878.1487278282,1,00:00:00,100.00%,$0.00,0,0.00%
944662319.1487798902,1,00:00:00,100.00%,$0.00,0,0.00%
949507104.1489781146,1,00:00:00,100.00%,$0.00,0,0.00%
951143597.1488315809,1,00:00:48,0.00%,$0.00,0,0.00%
951651031.1489682778,1,00:00:00,100.00%,$0.00,0,0.00%
961679580.1441872503,1,00:00:00,100.00%,$0.00,0,0.00%
962098212.1488206740,1,00:00:00,100.00%,$0.00,0,0.00%
964496789.1489490293,1,00:00:00,100.00%,$0.00,0,0.00%
96675848.1465241952,1,00:00:00,100.00%,$0.00,0,0.00%
969979962.1489785783,1,00:00:00,100.00%,$0.00,0,0.00%
972034715.1489834870,1,00:15:07,0.00%,$0.00,0,0.00%
975834298.1489949119,1,00:00:00,100.00%,$0.00,0,0.00%
977305664.1469221458,1,00:00:00,100.00%,$0.00,0,0.00%
981101349.1489518900,1,00:00:00,100.00%,$0.00,0,0.00%
981636237.1489605259,1,00:00:00,100.00%,$0.00,0,0.00%
983715325.1489524491,1,00:00:00,100.00%,$0.00,0,0.00%
985666728.1486063719,1,00:00:00,100.00%,$0.00,0,0.00%
995636900.1489822453,1,00:00:00,100.00%,$0.00,0,0.00%